"session","created","modified","ended","expired","still_wants_to_continue"
"98v61xkxlt4fZd11VsGPnEBR8DBSmJrG6CBItLCiuq3xKXwuhlep0xvbI7mesNsm","2021-04-12 22:31:14","","","2021-04-13 22:31:22",""
"HlH2kWLmmdqAgO88d7nmMgqyArkDnjl4ht3Vg1Kp3dc_7bEWJ1mbAIj7wk6tmTlL","2021-04-14 08:58:30","2021-04-14 08:58:52","2021-04-14 08:58:52","","1"
"D0K35kMXVPL1nY-6nIKkYQbBaCzYsZvDP3Gv9l26AyTUWJjPajA6sn4IWVKnKIQJ","2021-04-18 10:10:33","2021-04-18 10:10:40","2021-04-18 10:10:41","","2"
"bKCdO4TXi6LPUiPhJ6ecsgRZ1fK-Sv1ixMoBhZnruNpkcvwztxfk7DLklFvsWNIS","2021-04-18 10:32:11","2021-04-18 10:32:19","2021-04-18 10:32:19","","1"
"1yXwEvgBM2VRuD5buzoCqqnp9ffBuzY5AAlV66MBGeTH_nfUm7UZfrJy5qvXlRxh","2021-04-18 12:32:52","2021-04-18 12:32:58","2021-04-18 12:32:59","","2"
"TB9TTbTlrZgmgXkxjkZ7hLj-mgtI4Vs8rAcnudU74TCi3X2v_XweRJQEsyATSaG1","2021-04-18 20:12:41","2021-04-18 20:12:50","2021-04-18 20:12:50","","1"
"xbjNaldoxdctpQAUs82MBQj_zp902rInTF2ws84WMWLyXrO94X7xDmCVdrfPKK2r","2021-04-18 22:05:18","","","",""
"TB9TTbTlrZgmgXkxjkZ7hLj-mgtI4Vs8rAcnudU74TCi3X2v_XweRJQEsyATSaG1","2021-04-20 08:04:16","2021-04-20 08:04:28","2021-04-20 08:04:29","","2"
"jNDLPV51vIttUIZVtz0jAUkkekqh7gs7JGFaV5IKBn2_ydkXI_oPmkm3L8Hbalzu","2021-04-20 10:12:18","2021-04-20 10:12:37","2021-04-20 10:12:38","","2"
"UQzuAYZD_uhSQoylQJXf1ixn6eDhR0q_VK0HXrssWJnA9SdxPNehmSsG-eTRFTtI","2021-04-20 10:17:05","2021-04-20 10:17:09","2021-04-20 10:17:10","","1"
"kxolsVrX4rJTmHU1HDavccfOuz2GD_eiABFJUgtW6CYVij3qcIRKRiW4TB8eqcqD","2021-04-20 10:25:15","2021-04-20 10:25:20","2021-04-20 10:25:20","","1"
"WEWQp0casmRqxcqBXPPoqOCbCntpVvyYDup1q-Ju_KNtlnyWb0IVlKLJe-VcJfVu","2021-04-20 12:18:58","2021-04-20 12:19:02","2021-04-20 12:19:02","","1"
"bKCdO4TXi6LPUiPhJ6ecsgRZ1fK-Sv1ixMoBhZnruNpkcvwztxfk7DLklFvsWNIS","2021-04-20 23:00:49","","","",""
"FmCmB9xw1VcSY-tSxXPrz_mrk8r990DGKTvb1lwKbLelCClnfvG4aN3Nj5M13ECN","2021-04-21 08:46:39","2021-04-21 08:46:53","2021-04-21 08:46:53","","1"
"XbldBPXYMfHPJyTohSqTIKZIceo6wYScfzVctDvZz_apmI4zlC5HY2wxeDeF7HIa","2021-04-21 09:28:57","2021-04-21 09:29:02","2021-04-21 09:29:02","","1"
"TB9TTbTlrZgmgXkxjkZ7hLj-mgtI4Vs8rAcnudU74TCi3X2v_XweRJQEsyATSaG1","2021-04-22 08:21:49","2021-04-22 08:21:58","2021-04-22 08:21:58","","2"
"UQzuAYZD_uhSQoylQJXf1ixn6eDhR0q_VK0HXrssWJnA9SdxPNehmSsG-eTRFTtI","2021-04-22 08:42:42","2021-04-22 08:43:11","2021-04-22 08:43:11","","1"
"xogW899PjeDNDPa62GnUhsyeCX14KFSaSIu0wZkUzX_4nWDwQZNCIVtdanywnG3z","2021-04-22 09:07:22","2021-04-22 09:07:28","2021-04-22 09:07:28","","1"
"WEWQp0casmRqxcqBXPPoqOCbCntpVvyYDup1q-Ju_KNtlnyWb0IVlKLJe-VcJfVu","2021-04-22 14:16:10","2021-04-22 14:16:15","2021-04-22 14:16:16","","1"
"fZPISz_fxTGfnCZibhuD7qh3YGD68Oxpo4NVfBx9cDa7u16glfClvzJ9mm6V5f2N","2021-04-24 10:20:06","2021-04-24 10:20:14","2021-04-24 10:20:14","","1"
"EFetU8-3DjzROZR-q9IH5zHVYhkZPDvj4KYBWNNGmzen5qlCZfuTh_mX5eeaBf1M","2021-04-26 08:00:49","2021-04-26 08:01:13","2021-04-26 08:01:13","","1"
"fZPISz_fxTGfnCZibhuD7qh3YGD68Oxpo4NVfBx9cDa7u16glfClvzJ9mm6V5f2N","2021-04-26 08:01:43","2021-04-26 08:01:50","2021-04-26 08:01:50","","1"
"xbJiB85UVfd4GndPq-dohMx8Hvh0YXmvf9vj6opIR_YKqi8-QS1ckS58W_a2RlxW","2021-04-26 08:01:44","2021-04-26 08:01:50","2021-04-26 08:01:50","","1"
"rUiRUBi7mi_C6_dXH9BR3PJ3nNE6bRQCorXGSqp90ztbcSGTjcalDneagC9T-l1d","2021-04-26 10:42:53","2021-04-26 10:42:57","2021-04-26 10:42:57","","1"
"FUfxWhjNyCxNgINiqSLq_vDwowmjQKzs6uHujwIl9P5aHUiB-Rk80spPgJv5UXwi","2021-04-27 10:03:58","2021-04-27 10:04:03","2021-04-27 10:04:03","","2"
"eSae9QApDeuFbVZJkNBR3fHv-ovRRoWfGN9g-92oWZW7e5mD2rTCE76JrH7A2woV","2021-04-27 10:32:12","2021-04-27 10:32:20","2021-04-27 10:32:20","","1"
"EFetU8-3DjzROZR-q9IH5zHVYhkZPDvj4KYBWNNGmzen5qlCZfuTh_mX5eeaBf1M","2021-04-28 08:07:06","2021-04-28 08:07:09","2021-04-28 08:07:09","","1"
"w97Ml38uxYbd90h29j0BR1FeLmP1J-tJQOHClxic0_1s3rZdJsLs1e-NazUZcsck","2021-04-29 08:04:56","2021-04-29 08:05:05","2021-04-29 08:05:05","","1"
"xogW899PjeDNDPa62GnUhsyeCX14KFSaSIu0wZkUzX_4nWDwQZNCIVtdanywnG3z","2021-04-29 08:33:01","2021-04-29 08:33:08","2021-04-29 08:33:08","","2"
"PpUOybiE_ca3jpaklCtPSY4uFUFDWlJ6_8dJC4U4MnrsxM1BhAQGpnZIytzQMUcG","2021-04-29 11:36:57","2021-04-29 11:37:04","2021-04-29 11:37:04","","1"
"81UBoUUOMEjahazlPT7pNDgVDcgovF0x9JE9OezRs1MUMTB1pDgrISfmlQUQd0JL","2021-04-29 18:07:37","2021-04-29 18:07:45","2021-04-29 18:07:45","","2"
"QiILFBJ28BUclXIVPBn9hr6EEdx6gwT5-mbEUYUsNcjTYgCFFAyELin2BpjSPPwl","2021-05-01 08:49:09","2021-05-01 08:49:29","2021-05-01 08:49:30","","1"
"Lg8GqWjD7dE0Q8Stm9qCosbKFJj3aylEe_X03fttaguzyhdP7TAQYOIBZaFr0GNG","2021-05-01 11:18:23","2021-05-01 11:18:31","2021-05-01 11:18:31","","1"
"QiILFBJ28BUclXIVPBn9hr6EEdx6gwT5-mbEUYUsNcjTYgCFFAyELin2BpjSPPwl","2021-05-03 10:49:39","2021-05-03 10:49:44","2021-05-03 10:49:44","","2"
"AWMtOQidiWqKiDp6X644FfaZWNsxc9pf1GJepC-ZwzbqI3j7KIB9_KsVUQ8oCrk7","2021-05-04 16:35:42","2021-05-04 16:35:52","2021-05-04 16:35:52","","1"
"rUiRUBi7mi_C6_dXH9BR3PJ3nNE6bRQCorXGSqp90ztbcSGTjcalDneagC9T-l1d","2021-05-05 08:52:45","2021-05-05 08:52:48","2021-05-05 08:52:48","","1"
"UQzuAYZD_uhSQoylQJXf1ixn6eDhR0q_VK0HXrssWJnA9SdxPNehmSsG-eTRFTtI","2021-05-09 12:37:48","2021-05-09 12:37:53","2021-05-09 12:37:53","","1"
"fZPISz_fxTGfnCZibhuD7qh3YGD68Oxpo4NVfBx9cDa7u16glfClvzJ9mm6V5f2N","2021-05-09 13:51:29","2021-05-09 13:51:36","2021-05-09 13:51:36","","1"
"q4QgefuvPxNymG0LfWN19SJJ4c2s1JwjADmYxfOjpVFUIeGsoslvibtRpkEWwAL0","2021-05-09 15:51:09","","","2021-05-10 15:51:14",""
"BIVfrurZbAWlChd0T5ap-46ItQPU7Yr5BCG4PNEUWOFJqoju_JtxfhTRTkNmvfbR","2021-05-10 08:33:44","2021-05-10 08:33:57","2021-05-10 08:33:57","","1"
"CQXdfDGrE6r_kiQCElJ7KZUlsEfHULkGZWMSMj1PZs6ijaZwq8npyqKvTcMXSkFv","2021-05-10 10:13:21","2021-05-10 10:13:28","2021-05-10 10:13:29","","1"
"PpUOybiE_ca3jpaklCtPSY4uFUFDWlJ6_8dJC4U4MnrsxM1BhAQGpnZIytzQMUcG","2021-05-10 13:58:22","2021-05-10 13:58:29","2021-05-10 13:58:29","","1"
"fZPISz_fxTGfnCZibhuD7qh3YGD68Oxpo4NVfBx9cDa7u16glfClvzJ9mm6V5f2N","2021-05-11 08:10:50","2021-05-11 08:11:05","2021-05-11 08:11:05","","1"
"PpUOybiE_ca3jpaklCtPSY4uFUFDWlJ6_8dJC4U4MnrsxM1BhAQGpnZIytzQMUcG","2021-05-12 10:11:59","2021-05-12 10:12:04","2021-05-12 10:12:04","","1"
"PfGg7wFRbKt1ZOwsHDFAjhGHTYVadaZitxGvDT5723BuGLiJFxJ5YMxruand4lDe","2021-05-25 13:21:58","2021-05-25 13:22:03","2021-05-25 13:22:04","","1"
